{"web":{"client_id":"626840649980-ahlv55mmiqgkp0i00utqkfl0p5me7qmo.apps.googleusercontent.com","project_id":"vaulted-epigram-125106","auth_uri":"https://accounts.google.com/o/oauth2/auth","token_uri":"https://accounts.google.com/o/oauth2/token","auth_provider_x509_cert_url":"https://www.googleapis.com/oauth2/v1/certs","client_secret":"b1UE63lwjMD42Ikwf85KrZAx","redirect_uris":["http://localhost/dashboard/google/callback","http://localhost/google","http://localhost/wcd/google/callback","http://dashboard.digitalglarestaging.com/google/callback","http://dashboard.dgstg3.com/google/callback","http://dashboard.digitalglare.com.au/google/callback"]}}